Gene,Barcode
Abcb7,TGAAGAG
Abtb3,TGGTCTG
Adamtsl2,GCACTAT
Aldoa,GGAGCTG
Aldoc,CGCAGGA
Aplp1,CAGGTTC
Arglu1,TAAGACC
Ascl1,ACGCTTA
Atp1a1,GATTCGA
Atp6v1c1,CCATCTT
Bc1,CATCTCA
Birc6,GTCGAAC
Calca,TGGAGCA
Calcr,TCTGTAC
Capza1,GTTCCTA
Catsperd,CAAGCCA
Cd24a,TAACGCG
Cdk19,ATGCCTG
Chodl,GGTTCTC
Chrnb3,TCAAGGC
Col18a1,ATTGACA
Crispld1,TGCGAAT
Cyb561,TATACGT
Dach2,GGCCTAA
Dbhos,ACTTAGA
Dcc,CTTATTA
Ddc,CCTTGAC
Dlk1,ATAAGCC
Dus3l,AACGCAC
Dzip1,AGATTAC
En1,GAACTTA
En2,ACAAGAT
Eno1b,TTCATAT
Eya2,GTCTCTG
Fgf13,CACGAGA
Fhl1,AATCTTC
Gabra1,AACGTCT
Gal,GGTACAT
Gch1,TTCTTCC
Gm14410,ATACATA
Gna15,TGCTTGT
Gng5,TGGCAGG
Gria1,TAGGCGG
Hcrtr1,ATGAACG
Hsf4,CCGTGCA
Htr4,ATTCGGA
Impact,CCTACGA
Kcnc1,CGAGTGG
Lmo3,TAGTCAA
Lrrtm4,CGTCATA
Matk,TCCATTA
Micu3,TATAGAA
Mmut,TATTGTG
Mtus2,CCACACT
Myh11,TAATCTC
Nova1,GTCATCG
Nr4a3,TTCCGGC
Nrxn1,TCAGATA
Nucks1,TGGATTC
Pafah1b1,CGGCCTC
Pcdh11x,TACCACA
Pdia3,GTTGTTG
Pdlim1,CTCGCGG
Pdpk1,CCGATGC
Pea15a,TATATCC
Peg10,GTGAGAT
Phox2a,TCTGCCG
Phox2b,GCTTATT
Pom121,TGTCGAT
Prrt2,ACCGTAG
Qpct,CACCGAA
Reck,AGAGACG
Rgs2,CGCAACT
Rnf128,AGCAGAC
Rnf220,TTGCACC
Rpp25,TTGTTAG
Scn1a,GCAGAAG
Sgcz,GCTCTGA
Slc10a4,AACAACC
Slc17a6,GAATGAA
Slc18a2,AATCCAA
Slc6a15,CTAAGGT
Slc6a2,AAGAGAG
Smarcc1,CTATGTG
Snhg9,CATTACG
Syt17,ATCATGC
Tacr1,TACTGGA
Tbc1d30,GGTGTCC
Tfap2b,ACGTTAT
Tial1,ATGGTAC
Tlx3,TGTAATT
Tmem135,CTCTACA
Tram1l1,AAGACTC
Tspan18,ACTCCGT
Ttr,GCATGCG
Usp8,AGTTCGG
Zdhhc3,CATCCTG
Zfp703,CTGCGAC
Th,CAATTAT
Pdyn,CTACGCA
unused-1,ACCTCGC
unused-10,CCGGCAC
unused-2,GAAGCGC
unused-3,AGACTTG
unused-4,TCGCGAA
unused-5,GTGTTCA
unused-6,AACTTAA
unused-7,ACCAGCG
unused-8,CTGTCTA
unused-9,AGAGGTC
